<?xml version="1.0" encoding="UTF-8" standalone="yes" ?>
<appProperties xmlns="http://schemas.mathworks.com/matlab/app/2012/appProperties" signature="2E0CDABE9042324B1F688F1FABE90C7568F6A450">

  <entryPoint>FUERZAMIO</entryPoint>

  <name>FUERZAMIO</name>

  <version>1.0</version>

  <createdByMATLABRelease>(R2021b)</createdByMATLABRelease>

  <GUID>adb053ee-5d9b-4725-9316-362ebaa711b5</GUID>

  <author>
    <name>rena</name>
    <contact>a100187685@my.uvm.mx</contact>
    <organization></organization>
  </author>

  <supportedPlatforms/>

  <requiredProducts/>

  <numFiles>2</numFiles>

  <created>2022-04-06T17:16:27Z</created>

  <appEntries>
    <appFile>/FUERZAMIO.mlapp</appFile>
    <appFile>/FUERZAMIO.prj</appFile>
  </appEntries>

</appProperties>
